Class,Filename,Format,Width,Height,Resolution
其他异物,other_001_4e31c65f.png,.png,1408,768,1408×768
其他异物,other_001_ab4c9011.png,.png,1408,768,1408×768
其他异物,other_002_b83391b1.png,.png,1408,768,1408×768
其他异物,other_003_619b65e4.png,.png,1408,768,1408×768
其他异物,other_004_00f56ef2.png,.png,1408,768,1408×768
其他异物,other_004_2fcad0c0.png,.png,1408,768,1408×768
其他异物,other_005_b136aea0.png,.png,1408,768,1408×768
其他异物,other_006_b1b1f76f.png,.png,1408,768,1408×768
其他异物,other_007_093c7596.png,.png,1408,768,1408×768
其他异物,other_007_ece7dc43.png,.png,1408,768,1408×768
其他异物,other_008_c7849ff8.png,.png,1408,768,1408×768
其他异物,other_008_eb01a9e9.png,.png,1408,768,1408×768
其他异物,other_009_93b9c632.png,.png,1408,768,1408×768
其他异物,other_009_ecbe2d8a.png,.png,1408,768,1408×768
其他异物,other_011_5319dc54.png,.png,1408,768,1408×768
其他异物,other_011_e4c806a8.png,.png,1408,768,1408×768
其他异物,other_012_e9800135.png,.png,1408,768,1408×768
其他异物,other_013_0e3eb0e4.png,.png,1408,768,1408×768
其他异物,other_013_fa52b282.png,.png,1408,768,1408×768
其他异物,other_014_53ee3596.png,.png,1408,768,1408×768
其他异物,other_016_dc3c9a99.png,.png,1408,768,1408×768
其他异物,other_018_6a4d43cd.png,.png,1408,768,1408×768
其他异物,other_020_10bb4352.png,.png,1408,768,1408×768
其他异物,other_020_60a68205.png,.png,1408,768,1408×768
其他异物,other_021_c1adb290.png,.png,1408,768,1408×768
其他异物,other_022_bb304955.png,.png,1408,768,1408×768
其他异物,other_023_77430768.png,.png,1408,768,1408×768
其他异物,other_024_9ced5243.png,.png,1408,768,1408×768
其他异物,other_024_eb84cde0.png,.png,1408,768,1408×768
其他异物,other_025_dff83736.png,.png,1408,768,1408×768
塑料袋,plastic_bag_001_49fb8697.png,.png,1408,768,1408×768
塑料袋,plastic_bag_001_ef89d953.png,.png,1408,768,1408×768
塑料袋,plastic_bag_002_654e14b6.png,.png,1408,768,1408×768
塑料袋,plastic_bag_003_6e7d5b32.png,.png,1408,768,1408×768
塑料袋,plastic_bag_003_a36da5a3.png,.png,1408,768,1408×768
塑料袋,plastic_bag_004_52f76cdf.png,.png,1408,768,1408×768
塑料袋,plastic_bag_004_ced4b9b5.png,.png,1408,768,1408×768
塑料袋,plastic_bag_005_52083121.png,.png,1408,768,1408×768
塑料袋,plastic_bag_005_8c849bbf.png,.png,1408,768,1408×768
塑料袋,plastic_bag_006_024f8346.png,.png,1408,768,1408×768
塑料袋,plastic_bag_006_ed541f3c.png,.png,1408,768,1408×768
塑料袋,plastic_bag_007_0f530d71.png,.png,1408,768,1408×768
塑料袋,plastic_bag_008_407c89cc.png,.png,1408,768,1408×768
塑料袋,plastic_bag_008_b9d108af.png,.png,1408,768,1408×768
塑料袋,plastic_bag_009_efeb8e47.png,.png,1408,768,1408×768
塑料袋,plastic_bag_009_f99a2e82.png,.png,1408,768,1408×768
塑料袋,plastic_bag_010_73979f8d.png,.png,1408,768,1408×768
塑料袋,plastic_bag_010_8e002dfa.png,.png,1408,768,1408×768
塑料袋,plastic_bag_011_dd99af17.png,.png,1408,768,1408×768
塑料袋,plastic_bag_012_faf8963f.png,.png,1408,768,1408×768
塑料袋,plastic_bag_014_a88ac7eb.png,.png,1408,768,1408×768
塑料袋,plastic_bag_015_131a32c1.png,.png,1408,768,1408×768
塑料袋,plastic_bag_016_00afc90f.png,.png,1408,768,1408×768
塑料袋,plastic_bag_017_937749df.png,.png,1408,768,1408×768
塑料袋,plastic_bag_017_a05012f9.png,.png,1408,768,1408×768
塑料袋,plastic_bag_018_4d70eccf.png,.png,1408,768,1408×768
塑料袋,plastic_bag_019_bba1738f.png,.png,1408,768,1408×768
塑料袋,plastic_bag_020_8af5455b.png,.png,1408,768,1408×768
塑料袋,plastic_bag_021_b1317433.png,.png,1408,768,1408×768
塑料袋,plastic_bag_021_baf6e8b7.png,.png,1408,768,1408×768
塑料袋,plastic_bag_023_aa785e3d.png,.png,1408,768,1408×768
塑料袋,plastic_bag_023_e37a1395.png,.png,1408,768,1408×768
塑料袋,plastic_bag_024_27a21960.png,.png,1408,768,1408×768
气球,balloon_001_2266f95e.png,.png,1408,768,1408×768
气球,balloon_001_84640f7c.png,.png,1408,768,1408×768
气球,balloon_002_323f9be2.png,.png,1408,768,1408×768
气球,balloon_002_998fab47.png,.png,1408,768,1408×768
气球,balloon_004_ef051c3b.png,.png,1408,768,1408×768
气球,balloon_005_b71500f2.png,.png,1408,768,1408×768
气球,balloon_005_c95b2e12.png,.png,1408,768,1408×768
气球,balloon_006_668cf1e0.png,.png,1408,768,1408×768
气球,balloon_007_2eadb334.png,.png,1408,768,1408×768
气球,balloon_007_7e2faf37.png,.png,1408,768,1408×768
气球,balloon_008_79ba920e.png,.png,1408,768,1408×768
气球,balloon_008_805412b2.png,.png,1408,768,1408×768
气球,balloon_009_0eab6390.png,.png,1408,768,1408×768
气球,balloon_009_90b9e9ac.png,.png,1408,768,1408×768
气球,balloon_010_77160f43.png,.png,1408,768,1408×768
气球,balloon_010_a36fbe0c.png,.png,1408,768,1408×768
气球,balloon_011_44a39aea.png,.png,1408,768,1408×768
气球,balloon_012_30910d3e.png,.png,1408,768,1408×768
气球,balloon_012_9ebceaf4.png,.png,1408,768,1408×768
气球,balloon_014_96306405.png,.png,1408,768,1408×768
气球,balloon_015_0ac7396b.png,.png,1408,768,1408×768
气球,balloon_015_b71f3ad6.png,.png,1408,768,1408×768
气球,balloon_016_e1cf76be.png,.png,1408,768,1408×768
气球,balloon_017_44f2ffef.png,.png,1408,768,1408×768
气球,balloon_017_bc3adaf6.png,.png,1408,768,1408×768
气球,balloon_018_0ffbd6de.png,.png,1408,768,1408×768
气球,balloon_018_62fe1208.png,.png,1408,768,1408×768
气球,balloon_019_52491b26.png,.png,1408,768,1408×768
气球,balloon_020_5089a266.png,.png,1408,768,1408×768
气球,balloon_020_a8a3e99e.png,.png,1408,768,1408×768
气球,balloon_021_04d03322.png,.png,1408,768,1408×768
气球,balloon_021_3525af77.png,.png,1408,768,1408×768
气球,balloon_022_826b5988.png,.png,1408,768,1408×768
气球,balloon_023_395740d2.png,.png,1408,768,1408×768
气球,balloon_024_a31dc88d.png,.png,1408,768,1408×768
气球,balloon_024_c3e820c6.png,.png,1408,768,1408×768
气球,balloon_025_22c70307.png,.png,1408,768,1408×768
气球,balloon_025_4a7e42a1.png,.png,1408,768,1408×768
鸟巢,bird_nest_001_54981f2d.png,.png,1408,768,1408×768
鸟巢,bird_nest_001_769345f3.png,.png,1408,768,1408×768
鸟巢,bird_nest_002_70662011.png,.png,1408,768,1408×768
鸟巢,bird_nest_003_de039df0.png,.png,1408,768,1408×768
鸟巢,bird_nest_004_264d40e8.png,.png,1408,768,1408×768
鸟巢,bird_nest_005_6461c405.png,.png,1408,768,1408×768
鸟巢,bird_nest_005_a2c68805.png,.png,1408,768,1408×768
鸟巢,bird_nest_006_3e7508f4.png,.png,1408,768,1408×768
鸟巢,bird_nest_006_8bd2b2bb.png,.png,1408,768,1408×768
鸟巢,bird_nest_009_9d5f64af.png,.png,1408,768,1408×768
鸟巢,bird_nest_010_2e82be2f.png,.png,1408,768,1408×768
鸟巢,bird_nest_010_59ea2481.png,.png,1408,768,1408×768
鸟巢,bird_nest_011_77cba660.png,.png,1408,768,1408×768
鸟巢,bird_nest_012_73347521.png,.png,1408,768,1408×768
鸟巢,bird_nest_013_21096109.png,.png,1408,768,1408×768
鸟巢,bird_nest_014_1f3c201c.png,.png,1408,768,1408×768
鸟巢,bird_nest_014_e1cccd10.png,.png,1408,768,1408×768
鸟巢,bird_nest_015_411226f8.png,.png,1408,768,1408×768
鸟巢,bird_nest_015_9d276d36.png,.png,1408,768,1408×768
鸟巢,bird_nest_016_8838d974.png,.png,1408,768,1408×768
鸟巢,bird_nest_016_d7af6823.png,.png,1408,768,1408×768
鸟巢,bird_nest_017_9f1fa965.png,.png,1408,768,1408×768
鸟巢,bird_nest_017_f018d980.png,.png,1408,768,1408×768
鸟巢,bird_nest_018_8be6e957.png,.png,1408,768,1408×768
鸟巢,bird_nest_018_8fc0e2ce.png,.png,1408,768,1408×768
鸟巢,bird_nest_019_32c38251.png,.png,1408,768,1408×768
鸟巢,bird_nest_019_61de3075.png,.png,1408,768,1408×768
鸟巢,bird_nest_021_099de178.png,.png,1408,768,1408×768
鸟巢,bird_nest_022_fd80320d.png,.png,1408,768,1408×768
鸟巢,bird_nest_023_7642db73.png,.png,1408,768,1408×768
鸟巢,bird_nest_023_93171717.png,.png,1408,768,1408×768
鸟巢,bird_nest_024_9e9942d7.png,.png,1408,768,1408×768
